[
    {
        "src": "/assets/opcoes-imagens/imgs/Sumup.png",
        "text": "SUMUP",
        "href": "https://www.sumup.com/pt-br/"
    },
    {
        "src": "/assets/opcoes-imagens/imgs/gympass.png",
        "text": "GYMPASS",
        "href": "https://www.gympass.com/pt-br/"
    },
    {
        "src": "/assets/opcoes-imagens/imgs/tigre.png",
        "text": "TIGRE",
        "href": "https://www.tigre.com.br/"
    },
    {
        "src": "/assets/opcoes-imagens/imgs/vipal.png",
        "text": "VIPAL",
        "href": "https://vipal.com/"
    }
]